Destination Address,,,
Total number of records: 243898,,,
Key,# Records,Probability (count/totalcount),Entropy (-log_2(probability)))
192.168.2.50,64319,0.2637127,1.922961046
192.168.1.11,62073,0.254503932,1.974240149
192.168.3.131,33012,0.135351663,2.885215477
192.168.0.60,23059,0.094543621,3.402876074
192.168.0.13,17072,0.069996474,3.836573941
192.168.1.14,14199,0.05821696,4.102416695
192.168.0.14,8494,0.034826034,4.843690009
192.168.0.173,3150,0.012915235,6.274782289
192.168.1.250,2564,0.010512591,6.571737856
192.168.0.174,1701,0.006974227,7.163750977
192.168.0.178,1484,0.006084511,7.360643026
192.168.0.12,1475,0.00604761,7.369419163
192.168.0.10,1184,0.004854488,7.686465037
192.168.1.102,1022,0.004190276,7.898738921
192.168.1.252,932,0.00382127,8.031732258
192.168.1.251,771,0.003161158,8.305331352
192.168.0.176,688,0.002820851,8.469653648
192.168.0.175,681,0.002792151,8.484407414
192.168.0.177,672,0.00275525,8.50360098
192.168.0.179,659,0.002701949,8.531783747
192.168.0.180,594,0.002435444,8.681599282
192.168.0.182,581,0.002382143,8.713524049
192.168.1.182,560,0.002296042,8.766635385
192.168.2.10,502,0.002058237,8.924374848
192.168.0.11,477,0.001955736,8.998072946
192.168.1.231,472,0.001935235,9.013275353
192.168.1.120,412,0.001689231,9.209417875
169.254.8.94,221,0.000906116,10.10801584
192.168.0.1,198,0.000811815,10.26656178
192.168.1.230,127,0.000520709,10.90723372
192.168.2.2,98,0.000401807,11.28120856
0.0.0.0,64,0.000262405,11.8959184
192.168.1.71,32,0.000131202,12.8959184
169.254.148.116,23,9.43E-05,13.37235645
192.168.5.10,22,9.02E-05,13.43648678
192.168.3.144,18,7.38E-05,13.7259934
192.168.2.101,17,6.97E-05,13.80845556
192.168.4.10,17,6.97E-05,13.80845556
192.168.3.10,16,6.56E-05,13.8959184
192.168.6.10,14,5.74E-05,14.08856348
192.168.1.4,14,5.74E-05,14.08856348
192.168.7.10,13,5.33E-05,14.19547868
10.99.66.49,12,4.92E-05,14.3109559
134.121.93.236,12,4.92E-05,14.3109559
192.168.3.143,11,4.51E-05,14.43648678
192.168.1.72,11,4.51E-05,14.43648678
169.254.225.168,10,4.10E-05,14.57399031
192.168.2.107,10,4.10E-05,14.57399031
192.168.2.103,9,3.69E-05,14.7259934
192.168.2.102,9,3.69E-05,14.7259934
192.168.3.151,8,3.28E-05,14.8959184
192.168.2.108,8,3.28E-05,14.8959184
192.168.1.2,8,3.28E-05,14.8959184
192.168.2.106,7,2.87E-05,15.08856348
192.168.2.105,7,2.87E-05,15.08856348
192.168.2.104,7,2.87E-05,15.08856348
192.168.3.150,7,2.87E-05,15.08856348
169.254.51.70,5,2.05E-05,15.57399031
172.26.82.91,4,1.64E-05,15.8959184
10.0.1.251,4,1.64E-05,15.8959184
10.99.66.63,4,1.64E-05,15.8959184
104.154.127.99,4,1.64E-05,15.8959184
196.168.1.72,3,1.23E-05,16.3109559
209.124.184.143,2,8.20E-06,16.8959184
192.168.1.190,2,8.20E-06,16.8959184
209.124.184.134,2,8.20E-06,16.8959184
169.254.173.43,2,8.20E-06,16.8959184
192.168.1.54,2,8.20E-06,16.8959184
192.168.0.90,2,8.20E-06,16.8959184
192.168.3.120,2,8.20E-06,16.8959184
157.56.17.248,2,8.20E-06,16.8959184
192.168.1.51,2,8.20E-06,16.8959184
65.52.108.225,2,8.20E-06,16.8959184
192.168.1.125,1,4.10E-06,17.8959184
192.168.0.91,1,4.10E-06,17.8959184
132.245.51.2,1,4.10E-06,17.8959184
10.10.3.78,1,4.10E-06,17.8959184
132.245.58.98,1,4.10E-06,17.8959184
192.168.1.121,1,4.10E-06,17.8959184
204.79.197.200,1,4.10E-06,17.8959184
169.254.122.65,1,4.10E-06,17.8959184
132.245.92.34,1,4.10E-06,17.8959184
192.168.1.119,1,4.10E-06,17.8959184
131.253.34.255,1,4.10E-06,17.8959184
69.166.54.80,1,4.10E-06,17.8959184
104.215.198.144,1,4.10E-06,17.8959184
65.52.108.224,1,4.10E-06,17.8959184
132.245.36.34,1,4.10E-06,17.8959184
,,,
,,,
Source Address,,,
Total number of records: 243898,,,
Key,# Records,Probability (count/totalcount),Entropy (-log_2(probability)))
192.168.2.50,64319,0.2637127,1.922961046
192.168.1.11,62073,0.254503932,1.974240149
192.168.3.131,33012,0.135351663,2.885215477
192.168.0.60,23059,0.094543621,3.402876074
192.168.0.13,17072,0.069996474,3.836573941
192.168.1.14,14199,0.05821696,4.102416695
192.168.0.14,8494,0.034826034,4.843690009
192.168.0.173,3150,0.012915235,6.274782289
192.168.1.250,2564,0.010512591,6.571737856
192.168.0.174,1701,0.006974227,7.163750977
192.168.0.178,1484,0.006084511,7.360643026
192.168.0.12,1475,0.00604761,7.369419163
192.168.0.10,1184,0.004854488,7.686465037
192.168.1.102,1022,0.004190276,7.898738921
192.168.1.252,932,0.00382127,8.031732258
192.168.1.251,771,0.003161158,8.305331352
192.168.0.176,688,0.002820851,8.469653648
192.168.0.175,681,0.002792151,8.484407414
192.168.0.177,672,0.00275525,8.50360098
192.168.0.179,659,0.002701949,8.531783747
192.168.0.180,594,0.002435444,8.681599282
192.168.0.182,581,0.002382143,8.713524049
192.168.1.182,560,0.002296042,8.766635385
192.168.2.10,502,0.002058237,8.924374848
192.168.0.11,477,0.001955736,8.998072946
192.168.1.231,472,0.001935235,9.013275353
192.168.1.120,412,0.001689231,9.209417875
169.254.8.94,221,0.000906116,10.10801584
192.168.0.1,198,0.000811815,10.26656178
192.168.1.230,127,0.000520709,10.90723372
192.168.2.2,98,0.000401807,11.28120856
0.0.0.0,64,0.000262405,11.8959184
192.168.1.71,32,0.000131202,12.8959184
169.254.148.116,23,9.43E-05,13.37235645
192.168.5.10,22,9.02E-05,13.43648678
192.168.3.144,18,7.38E-05,13.7259934
192.168.2.101,17,6.97E-05,13.80845556
192.168.4.10,17,6.97E-05,13.80845556
192.168.3.10,16,6.56E-05,13.8959184
192.168.6.10,14,5.74E-05,14.08856348
192.168.1.4,14,5.74E-05,14.08856348
192.168.7.10,13,5.33E-05,14.19547868
10.99.66.49,12,4.92E-05,14.3109559
134.121.93.236,12,4.92E-05,14.3109559
192.168.3.143,11,4.51E-05,14.43648678
192.168.1.72,11,4.51E-05,14.43648678
169.254.225.168,10,4.10E-05,14.57399031
192.168.2.107,10,4.10E-05,14.57399031
192.168.2.103,9,3.69E-05,14.7259934
192.168.2.102,9,3.69E-05,14.7259934
192.168.3.151,8,3.28E-05,14.8959184
192.168.2.108,8,3.28E-05,14.8959184
192.168.1.2,8,3.28E-05,14.8959184
192.168.2.106,7,2.87E-05,15.08856348
192.168.2.105,7,2.87E-05,15.08856348
192.168.2.104,7,2.87E-05,15.08856348
192.168.3.150,7,2.87E-05,15.08856348
169.254.51.70,5,2.05E-05,15.57399031
172.26.82.91,4,1.64E-05,15.8959184
10.0.1.251,4,1.64E-05,15.8959184
10.99.66.63,4,1.64E-05,15.8959184
104.154.127.99,4,1.64E-05,15.8959184
196.168.1.72,3,1.23E-05,16.3109559
209.124.184.143,2,8.20E-06,16.8959184
192.168.1.190,2,8.20E-06,16.8959184
209.124.184.134,2,8.20E-06,16.8959184
169.254.173.43,2,8.20E-06,16.8959184
192.168.1.54,2,8.20E-06,16.8959184
192.168.0.90,2,8.20E-06,16.8959184
192.168.3.120,2,8.20E-06,16.8959184
157.56.17.248,2,8.20E-06,16.8959184
192.168.1.51,2,8.20E-06,16.8959184
65.52.108.225,2,8.20E-06,16.8959184
192.168.1.125,1,4.10E-06,17.8959184
192.168.0.91,1,4.10E-06,17.8959184
132.245.51.2,1,4.10E-06,17.8959184
10.10.3.78,1,4.10E-06,17.8959184
132.245.58.98,1,4.10E-06,17.8959184
192.168.1.121,1,4.10E-06,17.8959184
204.79.197.200,1,4.10E-06,17.8959184
169.254.122.65,1,4.10E-06,17.8959184
132.245.92.34,1,4.10E-06,17.8959184
192.168.1.119,1,4.10E-06,17.8959184
131.253.34.255,1,4.10E-06,17.8959184
69.166.54.80,1,4.10E-06,17.8959184
104.215.198.144,1,4.10E-06,17.8959184
65.52.108.224,1,4.10E-06,17.8959184
132.245.36.34,1,4.10E-06,17.8959184
,,,
,,,
Destination Port,,,
Total number of records: 243898,,,
Key,# Records,Probability (count/totalcount),Entropy (-log_2(probability)))
5355,111367,0.45661301,1.130956128
102,28387,0.116388818,3.102975633
2711,20110,0.082452501,3.600292941
2919,19974,0.08189489,3.610082746
2503,19968,0.08187029,3.610516183
138,10454,0.04286218,4.544150958
80,7431,0.030467655,5.036577748
53,4199,0.017216213,5.860088329
5357,3220,0.01320224,6.243073429
443,2531,0.010377289,6.59042661
137,1853,0.007597438,7.040271236
1900,729,0.002988954,8.386143398
67,604,0.002476445,8.657513663
19308,590,0.002419044,8.691347258
3544,573,0.002349343,8.733527074
3702,337,0.001381725,9.499313621
161,203,0.000832315,10.23058249
1947,172,0.000705213,10.46965365
0,144,0.000590411,10.7259934
19309,130,0.00053301,10.87355059
427,116,0.000475609,11.03793741
5228,108,0.000442808,11.1410309
2048,94,0.000385407,11.34132955
68,79,0.000323906,11.59213765
17500,60,0.000246004,11.98902781
9995,50,0.000205004,12.25206221
2869,41,0.000168103,12.5383664
520,29,0.000118902,13.03793741
27036,28,0.000114802,13.08856348
57621,21,8.61E-05,13.50360098
2,19,7.79E-05,13.64799089
5353,17,6.97E-05,13.80845556
139,17,6.97E-05,13.80845556
123,14,5.74E-05,14.08856348
771,12,4.92E-05,14.3109559
2056,10,4.10E-05,14.57399031
51707,9,3.69E-05,14.7259934
25701,9,3.69E-05,14.7259934
32400,9,3.69E-05,14.7259934
993,8,3.28E-05,14.8959184
2304,6,2.46E-05,15.3109559
40022,6,2.46E-05,15.3109559
52580,5,2.05E-05,15.57399031
5671,5,2.05E-05,15.57399031
5101,5,2.05E-05,15.57399031
61346,4,1.64E-05,15.8959184
50452,4,1.64E-05,15.8959184
20100,4,1.64E-05,15.8959184
49688,4,1.64E-05,15.8959184
40027,4,1.64E-05,15.8959184
44515,4,1.64E-05,15.8959184
61362,4,1.64E-05,15.8959184
50444,4,1.64E-05,15.8959184
60706,4,1.64E-05,15.8959184
50209,4,1.64E-05,15.8959184
5002,4,1.64E-05,15.8959184
22,4,1.64E-05,15.8959184
51795,4,1.64E-05,15.8959184
60893,4,1.64E-05,15.8959184
60708,4,1.64E-05,15.8959184
49908,4,1.64E-05,15.8959184
49717,4,1.64E-05,15.8959184
60712,3,1.23E-05,16.3109559
59638,3,1.23E-05,16.3109559
60852,3,1.23E-05,16.3109559
50453,3,1.23E-05,16.3109559
60827,3,1.23E-05,16.3109559
50324,3,1.23E-05,16.3109559
61376,3,1.23E-05,16.3109559
60700,3,1.23E-05,16.3109559
60718,3,1.23E-05,16.3109559
51317,3,1.23E-05,16.3109559
50349,3,1.23E-05,16.3109559
61705,3,1.23E-05,16.3109559
60892,3,1.23E-05,16.3109559
50210,3,1.23E-05,16.3109559
64782,3,1.23E-05,16.3109559
49938,3,1.23E-05,16.3109559
50584,3,1.23E-05,16.3109559
60926,3,1.23E-05,16.3109559
61094,3,1.23E-05,16.3109559
60732,3,1.23E-05,16.3109559
51092,3,1.23E-05,16.3109559
49741,3,1.23E-05,16.3109559
60314,3,1.23E-05,16.3109559
60724,3,1.23E-05,16.3109559
60470,3,1.23E-05,16.3109559
60618,3,1.23E-05,16.3109559
2343,3,1.23E-05,16.3109559
51093,3,1.23E-05,16.3109559
60765,3,1.23E-05,16.3109559
61724,3,1.23E-05,16.3109559
49907,3,1.23E-05,16.3109559
62022,3,1.23E-05,16.3109559
63147,3,1.23E-05,16.3109559
51323,3,1.23E-05,16.3109559
50140,3,1.23E-05,16.3109559
50731,3,1.23E-05,16.3109559
49837,3,1.23E-05,16.3109559
61707,3,1.23E-05,16.3109559
61096,3,1.23E-05,16.3109559
60761,3,1.23E-05,16.3109559
60837,3,1.23E-05,16.3109559
63148,3,1.23E-05,16.3109559
50396,3,1.23E-05,16.3109559
50390,3,1.23E-05,16.3109559
60767,3,1.23E-05,16.3109559
64871,3,1.23E-05,16.3109559
63221,3,1.23E-05,16.3109559
49944,3,1.23E-05,16.3109559
60152,3,1.23E-05,16.3109559
60138,3,1.23E-05,16.3109559
61134,3,1.23E-05,16.3109559
56406,3,1.23E-05,16.3109559
60769,3,1.23E-05,16.3109559
60449,3,1.23E-05,16.3109559
60447,3,1.23E-05,16.3109559
61823,3,1.23E-05,16.3109559
61158,3,1.23E-05,16.3109559
60726,3,1.23E-05,16.3109559
40016,3,1.23E-05,16.3109559
60722,3,1.23E-05,16.3109559
61071,3,1.23E-05,16.3109559
60377,3,1.23E-05,16.3109559
50141,3,1.23E-05,16.3109559
61169,3,1.23E-05,16.3109559
50458,3,1.23E-05,16.3109559
61458,3,1.23E-05,16.3109559
60154,3,1.23E-05,16.3109559
60383,3,1.23E-05,16.3109559
50439,3,1.23E-05,16.3109559
61221,3,1.23E-05,16.3109559
60763,3,1.23E-05,16.3109559
8080,3,1.23E-05,16.3109559
49906,3,1.23E-05,16.3109559
61280,3,1.23E-05,16.3109559
60720,3,1.23E-05,16.3109559
60417,3,1.23E-05,16.3109559
49922,3,1.23E-05,16.3109559
60710,3,1.23E-05,16.3109559
60826,3,1.23E-05,16.3109559
63324,3,1.23E-05,16.3109559
63593,3,1.23E-05,16.3109559
61348,3,1.23E-05,16.3109559
60134,3,1.23E-05,16.3109559
61645,3,1.23E-05,16.3109559
60942,3,1.23E-05,16.3109559
60716,3,1.23E-05,16.3109559
60476,3,1.23E-05,16.3109559
50338,3,1.23E-05,16.3109559
50387,3,1.23E-05,16.3109559
135,3,1.23E-05,16.3109559
65125,3,1.23E-05,16.3109559
50435,3,1.23E-05,16.3109559
60815,3,1.23E-05,16.3109559
60223,3,1.23E-05,16.3109559
51120,3,1.23E-05,16.3109559
60164,3,1.23E-05,16.3109559
52861,3,1.23E-05,16.3109559
60140,3,1.23E-05,16.3109559
61479,3,1.23E-05,16.3109559
60286,2,8.20E-06,16.8959184
60532,2,8.20E-06,16.8959184
60567,2,8.20E-06,16.8959184
64313,2,8.20E-06,16.8959184
51105,2,8.20E-06,16.8959184
50641,2,8.20E-06,16.8959184
60234,2,8.20E-06,16.8959184
49543,2,8.20E-06,16.8959184
63468,2,8.20E-06,16.8959184
62588,2,8.20E-06,16.8959184
65433,2,8.20E-06,16.8959184
61491,2,8.20E-06,16.8959184
64649,2,8.20E-06,16.8959184
49898,2,8.20E-06,16.8959184
50372,2,8.20E-06,16.8959184
50466,2,8.20E-06,16.8959184
60274,2,8.20E-06,16.8959184
50600,2,8.20E-06,16.8959184
49791,2,8.20E-06,16.8959184
51314,2,8.20E-06,16.8959184
60581,2,8.20E-06,16.8959184
55253,2,8.20E-06,16.8959184
55302,2,8.20E-06,16.8959184
60401,2,8.20E-06,16.8959184
50171,2,8.20E-06,16.8959184
60435,2,8.20E-06,16.8959184
64903,2,8.20E-06,16.8959184
51244,2,8.20E-06,16.8959184
6978,2,8.20E-06,16.8959184
60227,2,8.20E-06,16.8959184
64583,2,8.20E-06,16.8959184
61180,2,8.20E-06,16.8959184
61080,2,8.20E-06,16.8959184
61408,2,8.20E-06,16.8959184
54463,2,8.20E-06,16.8959184
60425,2,8.20E-06,16.8959184
61535,2,8.20E-06,16.8959184
63581,2,8.20E-06,16.8959184
63222,2,8.20E-06,16.8959184
56981,2,8.20E-06,16.8959184
60902,2,8.20E-06,16.8959184
60399,2,8.20E-06,16.8959184
60619,2,8.20E-06,16.8959184
61157,2,8.20E-06,16.8959184
60575,2,8.20E-06,16.8959184
60358,2,8.20E-06,16.8959184
60431,2,8.20E-06,16.8959184
52962,2,8.20E-06,16.8959184
51772,2,8.20E-06,16.8959184
60698,2,8.20E-06,16.8959184
50208,2,8.20E-06,16.8959184
63484,2,8.20E-06,16.8959184
56187,2,8.20E-06,16.8959184
62097,2,8.20E-06,16.8959184
54702,2,8.20E-06,16.8959184
50436,2,8.20E-06,16.8959184
61281,2,8.20E-06,16.8959184
49455,2,8.20E-06,16.8959184
64084,2,8.20E-06,16.8959184
62185,2,8.20E-06,16.8959184
51556,2,8.20E-06,16.8959184
65056,2,8.20E-06,16.8959184
59019,2,8.20E-06,16.8959184
62033,2,8.20E-06,16.8959184
60113,2,8.20E-06,16.8959184
60221,2,8.20E-06,16.8959184
50400,2,8.20E-06,16.8959184
7090,2,8.20E-06,16.8959184
62954,2,8.20E-06,16.8959184
65471,2,8.20E-06,16.8959184
49966,2,8.20E-06,16.8959184
60156,2,8.20E-06,16.8959184
49769,2,8.20E-06,16.8959184
52850,2,8.20E-06,16.8959184
59642,2,8.20E-06,16.8959184
51792,2,8.20E-06,16.8959184
60219,2,8.20E-06,16.8959184
63420,2,8.20E-06,16.8959184
65506,2,8.20E-06,16.8959184
60405,2,8.20E-06,16.8959184
60864,2,8.20E-06,16.8959184
60191,2,8.20E-06,16.8959184
55180,2,8.20E-06,16.8959184
49348,2,8.20E-06,16.8959184
50512,2,8.20E-06,16.8959184
60278,2,8.20E-06,16.8959184
62401,2,8.20E-06,16.8959184
49295,2,8.20E-06,16.8959184
61356,2,8.20E-06,16.8959184
60315,2,8.20E-06,16.8959184
61887,2,8.20E-06,16.8959184
56622,2,8.20E-06,16.8959184
60599,2,8.20E-06,16.8959184
49729,2,8.20E-06,16.8959184
51582,2,8.20E-06,16.8959184
51796,2,8.20E-06,16.8959184
62198,2,8.20E-06,16.8959184
60308,2,8.20E-06,16.8959184
50061,2,8.20E-06,16.8959184
50370,2,8.20E-06,16.8959184
63807,2,8.20E-06,16.8959184
60339,2,8.20E-06,16.8959184
61592,2,8.20E-06,16.8959184
49958,2,8.20E-06,16.8959184
50849,2,8.20E-06,16.8959184
64720,2,8.20E-06,16.8959184
63135,2,8.20E-06,16.8959184
63771,2,8.20E-06,16.8959184
50193,2,8.20E-06,16.8959184
60745,2,8.20E-06,16.8959184
52826,2,8.20E-06,16.8959184
60624,2,8.20E-06,16.8959184
63470,2,8.20E-06,16.8959184
61445,2,8.20E-06,16.8959184
49977,2,8.20E-06,16.8959184
59752,2,8.20E-06,16.8959184
53026,2,8.20E-06,16.8959184
60676,2,8.20E-06,16.8959184
60928,2,8.20E-06,16.8959184
60825,2,8.20E-06,16.8959184
62743,2,8.20E-06,16.8959184
64986,2,8.20E-06,16.8959184
61572,2,8.20E-06,16.8959184
65407,2,8.20E-06,16.8959184
49324,2,8.20E-06,16.8959184
60614,2,8.20E-06,16.8959184
51090,2,8.20E-06,16.8959184
49713,2,8.20E-06,16.8959184
49921,2,8.20E-06,16.8959184
65293,2,8.20E-06,16.8959184
60936,2,8.20E-06,16.8959184
53770,2,8.20E-06,16.8959184
63579,2,8.20E-06,16.8959184
50160,2,8.20E-06,16.8959184
59894,2,8.20E-06,16.8959184
60466,2,8.20E-06,16.8959184
60952,2,8.20E-06,16.8959184
50603,2,8.20E-06,16.8959184
61241,2,8.20E-06,16.8959184
52825,2,8.20E-06,16.8959184
51761,2,8.20E-06,16.8959184
49456,2,8.20E-06,16.8959184
61201,2,8.20E-06,16.8959184
49963,2,8.20E-06,16.8959184
60450,2,8.20E-06,16.8959184
50677,2,8.20E-06,16.8959184
51771,2,8.20E-06,16.8959184
57564,2,8.20E-06,16.8959184
61617,2,8.20E-06,16.8959184
60839,2,8.20E-06,16.8959184
49676,2,8.20E-06,16.8959184
60142,2,8.20E-06,16.8959184
50301,2,8.20E-06,16.8959184
51099,2,8.20E-06,16.8959184
61628,2,8.20E-06,16.8959184
60306,2,8.20E-06,16.8959184
49648,2,8.20E-06,16.8959184
64708,2,8.20E-06,16.8959184
60872,2,8.20E-06,16.8959184
60482,2,8.20E-06,16.8959184
65213,2,8.20E-06,16.8959184
62820,2,8.20E-06,16.8959184
62489,2,8.20E-06,16.8959184
60818,2,8.20E-06,16.8959184
62023,2,8.20E-06,16.8959184
60585,2,8.20E-06,16.8959184
51559,2,8.20E-06,16.8959184
50376,2,8.20E-06,16.8959184
59056,2,8.20E-06,16.8959184
60866,2,8.20E-06,16.8959184
54029,2,8.20E-06,16.8959184
53751,2,8.20E-06,16.8959184
50583,2,8.20E-06,16.8959184
60547,2,8.20E-06,16.8959184
61234,2,8.20E-06,16.8959184
49647,2,8.20E-06,16.8959184
60731,2,8.20E-06,16.8959184
61326,2,8.20E-06,16.8959184
60451,2,8.20E-06,16.8959184
50443,2,8.20E-06,16.8959184
61881,2,8.20E-06,16.8959184
52471,2,8.20E-06,16.8959184
50494,2,8.20E-06,16.8959184
61040,2,8.20E-06,16.8959184
61340,2,8.20E-06,16.8959184
50898,2,8.20E-06,16.8959184
64386,2,8.20E-06,16.8959184
50050,2,8.20E-06,16.8959184
50129,2,8.20E-06,16.8959184
57138,2,8.20E-06,16.8959184
63312,2,8.20E-06,16.8959184
54975,2,8.20E-06,16.8959184
64772,2,8.20E-06,16.8959184
41415,2,8.20E-06,16.8959184
60181,2,8.20E-06,16.8959184
60703,2,8.20E-06,16.8959184
50652,2,8.20E-06,16.8959184
49983,2,8.20E-06,16.8959184
60904,2,8.20E-06,16.8959184
49804,2,8.20E-06,16.8959184
50031,2,8.20E-06,16.8959184
50386,2,8.20E-06,16.8959184
65046,2,8.20E-06,16.8959184
60598,2,8.20E-06,16.8959184
63434,2,8.20E-06,16.8959184
51384,2,8.20E-06,16.8959184
64657,2,8.20E-06,16.8959184
61709,2,8.20E-06,16.8959184
51787,2,8.20E-06,16.8959184
61117,2,8.20E-06,16.8959184
61775,2,8.20E-06,16.8959184
61347,2,8.20E-06,16.8959184
50493,2,8.20E-06,16.8959184
50313,2,8.20E-06,16.8959184
60797,2,8.20E-06,16.8959184
50445,2,8.20E-06,16.8959184
56009,2,8.20E-06,16.8959184
61086,2,8.20E-06,16.8959184
60705,2,8.20E-06,16.8959184
51762,2,8.20E-06,16.8959184
64981,2,8.20E-06,16.8959184
60630,2,8.20E-06,16.8959184
26614,2,8.20E-06,16.8959184
62989,2,8.20E-06,16.8959184
50589,2,8.20E-06,16.8959184
61113,2,8.20E-06,16.8959184
63656,2,8.20E-06,16.8959184
60900,2,8.20E-06,16.8959184
62291,2,8.20E-06,16.8959184
49819,2,8.20E-06,16.8959184
60187,2,8.20E-06,16.8959184
60757,2,8.20E-06,16.8959184
49993,2,8.20E-06,16.8959184
60331,2,8.20E-06,16.8959184
55405,2,8.20E-06,16.8959184
50014,2,8.20E-06,16.8959184
49385,2,8.20E-06,16.8959184
63399,2,8.20E-06,16.8959184
63165,2,8.20E-06,16.8959184
60126,2,8.20E-06,16.8959184
50827,2,8.20E-06,16.8959184
60327,2,8.20E-06,16.8959184
61309,2,8.20E-06,16.8959184
62333,2,8.20E-06,16.8959184
60783,2,8.20E-06,16.8959184
52862,2,8.20E-06,16.8959184
62061,2,8.20E-06,16.8959184
60209,2,8.20E-06,16.8959184
49797,2,8.20E-06,16.8959184
60729,2,8.20E-06,16.8959184
50000,2,8.20E-06,16.8959184
61687,2,8.20E-06,16.8959184
54038,2,8.20E-06,16.8959184
49807,2,8.20E-06,16.8959184
60534,2,8.20E-06,16.8959184
50479,2,8.20E-06,16.8959184
60224,2,8.20E-06,16.8959184
59868,2,8.20E-06,16.8959184
60741,2,8.20E-06,16.8959184
60174,2,8.20E-06,16.8959184
60968,2,8.20E-06,16.8959184
61114,2,8.20E-06,16.8959184
50791,2,8.20E-06,16.8959184
60352,2,8.20E-06,16.8959184
60693,2,8.20E-06,16.8959184
61223,2,8.20E-06,16.8959184
50278,2,8.20E-06,16.8959184
50290,2,8.20E-06,16.8959184
49429,2,8.20E-06,16.8959184
49515,2,8.20E-06,16.8959184
61370,2,8.20E-06,16.8959184
49603,2,8.20E-06,16.8959184
61148,2,8.20E-06,16.8959184
60851,2,8.20E-06,16.8959184
62292,2,8.20E-06,16.8959184
56699,2,8.20E-06,16.8959184
60124,2,8.20E-06,16.8959184
59879,2,8.20E-06,16.8959184
63711,2,8.20E-06,16.8959184
61442,2,8.20E-06,16.8959184
51324,2,8.20E-06,16.8959184
64928,2,8.20E-06,16.8959184
62318,2,8.20E-06,16.8959184
51167,2,8.20E-06,16.8959184
60178,2,8.20E-06,16.8959184
62493,2,8.20E-06,16.8959184
60514,2,8.20E-06,16.8959184
59893,2,8.20E-06,16.8959184
49675,2,8.20E-06,16.8959184
61108,2,8.20E-06,16.8959184
60542,2,8.20E-06,16.8959184
64904,2,8.20E-06,16.8959184
59637,2,8.20E-06,16.8959184
63875,2,8.20E-06,16.8959184
50862,2,8.20E-06,16.8959184
51520,2,8.20E-06,16.8959184
62383,2,8.20E-06,16.8959184
61265,2,8.20E-06,16.8959184
50323,2,8.20E-06,16.8959184
49869,2,8.20E-06,16.8959184
49542,2,8.20E-06,16.8959184
50362,2,8.20E-06,16.8959184
52391,2,8.20E-06,16.8959184
61615,2,8.20E-06,16.8959184
49920,2,8.20E-06,16.8959184
60702,2,8.20E-06,16.8959184
62135,2,8.20E-06,16.8959184
40015,2,8.20E-06,16.8959184
60233,2,8.20E-06,16.8959184
65294,2,8.20E-06,16.8959184
60733,2,8.20E-06,16.8959184
60938,2,8.20E-06,16.8959184
60612,2,8.20E-06,16.8959184
51338,2,8.20E-06,16.8959184
51111,2,8.20E-06,16.8959184
65496,2,8.20E-06,16.8959184
51168,2,8.20E-06,16.8959184
60139,2,8.20E-06,16.8959184
52049,2,8.20E-06,16.8959184
60593,2,8.20E-06,16.8959184
49704,2,8.20E-06,16.8959184
65122,2,8.20E-06,16.8959184
49659,2,8.20E-06,16.8959184
65524,2,8.20E-06,16.8959184
7070,2,8.20E-06,16.8959184
60914,2,8.20E-06,16.8959184
64154,2,8.20E-06,16.8959184
61233,2,8.20E-06,16.8959184
65420,2,8.20E-06,16.8959184
60344,2,8.20E-06,16.8959184
61142,2,8.20E-06,16.8959184
51163,2,8.20E-06,16.8959184
53826,2,8.20E-06,16.8959184
50423,2,8.20E-06,16.8959184
49792,2,8.20E-06,16.8959184
60809,2,8.20E-06,16.8959184
55836,2,8.20E-06,16.8959184
50447,2,8.20E-06,16.8959184
61955,2,8.20E-06,16.8959184
60437,2,8.20E-06,16.8959184
,,,
,,,
Source Port,,,
Total number of records: 243898,,,
Key,# Records,Probability (count/totalcount),Entropy (-log_2(probability)))
138,10315,0.04229227,4.563462202
5357,7193,0.029491837,5.083540514
137,1521,0.006236213,7.325113965
68,604,0.002476445,8.657513663
51868,271,0.00111112,9.813769361
0,256,0.001049619,9.895918402
1025,206,0.000844615,10.20941788
2711,164,0.000672412,10.5383664
2919,164,0.000672412,10.5383664
2503,162,0.000664212,10.5560684
56920,118,0.000483809,11.01327535
53,116,0.000475609,11.03793741
67,79,0.000323906,11.59213765
443,74,0.000303406,11.68646504
62566,71,0.000291105,11.74617128
49732,62,0.000254205,11.94172209
56079,58,0.000237804,12.03793741
17500,58,0.000237804,12.03793741
20000,57,0.000233704,12.06302839
3389,46,0.000188603,12.37235645
102,38,0.000155803,12.64799089
139,36,0.000147603,12.7259934
5355,36,0.000147603,12.7259934
51495,30,0.000123002,12.98902781
59807,30,0.000123002,12.98902781
57621,29,0.000118902,13.03793741
49976,29,0.000118902,13.03793741
520,29,0.000118902,13.03793741
50066,29,0.000118902,13.03793741
49733,29,0.000118902,13.03793741
49978,28,0.000114802,13.08856348
6209,28,0.000114802,13.08856348
27036,28,0.000114802,13.08856348
57271,27,0.000110702,13.1410309
49714,27,0.000110702,13.1410309
50048,27,0.000110702,13.1410309
50654,27,0.000110702,13.1410309
49839,27,0.000110702,13.1410309
49807,27,0.000110702,13.1410309
51021,27,0.000110702,13.1410309
50655,26,0.000106602,13.19547868
49937,26,0.000106602,13.19547868
49777,26,0.000106602,13.19547868
49798,26,0.000106602,13.19547868
49995,26,0.000106602,13.19547868
49860,26,0.000106602,13.19547868
54654,26,0.000106602,13.19547868
54429,26,0.000106602,13.19547868
59247,26,0.000106602,13.19547868
60343,26,0.000106602,13.19547868
49870,26,0.000106602,13.19547868
50050,26,0.000106602,13.19547868
49990,26,0.000106602,13.19547868
50107,26,0.000106602,13.19547868
49739,26,0.000106602,13.19547868
50463,26,0.000106602,13.19547868
49701,25,0.000102502,13.25206221
50003,25,0.000102502,13.25206221
57123,25,0.000102502,13.25206221
49849,25,0.000102502,13.25206221
54864,25,0.000102502,13.25206221
49986,25,0.000102502,13.25206221
50301,25,0.000102502,13.25206221
53175,25,0.000102502,13.25206221
51361,25,0.000102502,13.25206221
49823,25,0.000102502,13.25206221
49751,25,0.000102502,13.25206221
56246,25,0.000102502,13.25206221
50280,25,0.000102502,13.25206221
50661,25,0.000102502,13.25206221
54125,25,0.000102502,13.25206221
49690,25,0.000102502,13.25206221
51551,25,0.000102502,13.25206221
61111,25,0.000102502,13.25206221
49789,25,0.000102502,13.25206221
49911,25,0.000102502,13.25206221
50841,25,0.000102502,13.25206221
50023,25,0.000102502,13.25206221
55907,25,0.000102502,13.25206221
50527,25,0.000102502,13.25206221
49689,25,0.000102502,13.25206221
56805,24,9.84E-05,13.3109559
49831,24,9.84E-05,13.3109559
54879,24,9.84E-05,13.3109559
49851,24,9.84E-05,13.3109559
50947,24,9.84E-05,13.3109559
52706,24,9.84E-05,13.3109559
49930,24,9.84E-05,13.3109559
50102,24,9.84E-05,13.3109559
50875,24,9.84E-05,13.3109559
49956,24,9.84E-05,13.3109559
49711,24,9.84E-05,13.3109559
50543,24,9.84E-05,13.3109559
49753,24,9.84E-05,13.3109559
49712,24,9.84E-05,13.3109559
54462,24,9.84E-05,13.3109559
50806,24,9.84E-05,13.3109559
51265,24,9.84E-05,13.3109559
50002,24,9.84E-05,13.3109559
49947,24,9.84E-05,13.3109559
50313,24,9.84E-05,13.3109559
52429,24,9.84E-05,13.3109559
50172,24,9.84E-05,13.3109559
50291,24,9.84E-05,13.3109559
52392,24,9.84E-05,13.3109559
51179,24,9.84E-05,13.3109559
49264,24,9.84E-05,13.3109559
50167,24,9.84E-05,13.3109559
49988,24,9.84E-05,13.3109559
51377,24,9.84E-05,13.3109559
49580,24,9.84E-05,13.3109559
53321,24,9.84E-05,13.3109559
50389,24,9.84E-05,13.3109559
50467,24,9.84E-05,13.3109559
49788,24,9.84E-05,13.3109559
51164,24,9.84E-05,13.3109559
49951,24,9.84E-05,13.3109559
51012,24,9.84E-05,13.3109559
59217,24,9.84E-05,13.3109559
50083,24,9.84E-05,13.3109559
51007,23,9.43E-05,13.37235645
49927,23,9.43E-05,13.37235645
59037,23,9.43E-05,13.37235645
55252,23,9.43E-05,13.37235645
49884,23,9.43E-05,13.37235645
51037,23,9.43E-05,13.37235645
59869,23,9.43E-05,13.37235645
55384,23,9.43E-05,13.37235645
49804,23,9.43E-05,13.37235645
62798,23,9.43E-05,13.37235645
57672,23,9.43E-05,13.37235645
50976,23,9.43E-05,13.37235645
50000,23,9.43E-05,13.37235645
49663,23,9.43E-05,13.37235645
56739,23,9.43E-05,13.37235645
49704,23,9.43E-05,13.37235645
49285,23,9.43E-05,13.37235645
51055,23,9.43E-05,13.37235645
51462,23,9.43E-05,13.37235645
50406,23,9.43E-05,13.37235645
8089,23,9.43E-05,13.37235645
49761,23,9.43E-05,13.37235645
50440,23,9.43E-05,13.37235645
53215,23,9.43E-05,13.37235645
51711,23,9.43E-05,13.37235645
50667,23,9.43E-05,13.37235645
52308,23,9.43E-05,13.37235645
56874,23,9.43E-05,13.37235645
50408,23,9.43E-05,13.37235645
49256,23,9.43E-05,13.37235645
53657,23,9.43E-05,13.37235645
50438,23,9.43E-05,13.37235645
58686,23,9.43E-05,13.37235645
50990,23,9.43E-05,13.37235645
50750,23,9.43E-05,13.37235645
49776,23,9.43E-05,13.37235645
49692,23,9.43E-05,13.37235645
50759,23,9.43E-05,13.37235645
50070,23,9.43E-05,13.37235645
50039,23,9.43E-05,13.37235645
59671,23,9.43E-05,13.37235645
55518,23,9.43E-05,13.37235645
63620,23,9.43E-05,13.37235645
50361,23,9.43E-05,13.37235645
53085,23,9.43E-05,13.37235645
50132,23,9.43E-05,13.37235645
49843,23,9.43E-05,13.37235645
62148,23,9.43E-05,13.37235645
49741,23,9.43E-05,13.37235645
51301,23,9.43E-05,13.37235645
50991,23,9.43E-05,13.37235645
49970,23,9.43E-05,13.37235645
61915,23,9.43E-05,13.37235645
49418,23,9.43E-05,13.37235645
53256,23,9.43E-05,13.37235645
51926,23,9.43E-05,13.37235645
64032,23,9.43E-05,13.37235645
50008,23,9.43E-05,13.37235645
49859,23,9.43E-05,13.37235645
53170,23,9.43E-05,13.37235645
56768,23,9.43E-05,13.37235645
49819,23,9.43E-05,13.37235645
50358,23,9.43E-05,13.37235645
59691,23,9.43E-05,13.37235645
49746,23,9.43E-05,13.37235645
57592,23,9.43E-05,13.37235645
50619,23,9.43E-05,13.37235645
49375,23,9.43E-05,13.37235645
49332,23,9.43E-05,13.37235645
50859,23,9.43E-05,13.37235645
55608,23,9.43E-05,13.37235645
50689,23,9.43E-05,13.37235645
60713,23,9.43E-05,13.37235645
49724,23,9.43E-05,13.37235645
50573,23,9.43E-05,13.37235645
50839,23,9.43E-05,13.37235645
50357,23,9.43E-05,13.37235645
49802,23,9.43E-05,13.37235645
65376,22,9.02E-05,13.43648678
51040,22,9.02E-05,13.43648678
60673,22,9.02E-05,13.43648678
50097,22,9.02E-05,13.43648678
57742,22,9.02E-05,13.43648678
53026,22,9.02E-05,13.43648678
55714,22,9.02E-05,13.43648678
59866,22,9.02E-05,13.43648678
50956,22,9.02E-05,13.43648678
55315,22,9.02E-05,13.43648678
65068,22,9.02E-05,13.43648678
51254,22,9.02E-05,13.43648678
51452,22,9.02E-05,13.43648678
49708,22,9.02E-05,13.43648678
49969,22,9.02E-05,13.43648678
60700,22,9.02E-05,13.43648678
51592,22,9.02E-05,13.43648678
50059,22,9.02E-05,13.43648678
49965,22,9.02E-05,13.43648678
50058,22,9.02E-05,13.43648678
52420,22,9.02E-05,13.43648678
49326,22,9.02E-05,13.43648678
60749,22,9.02E-05,13.43648678
49933,22,9.02E-05,13.43648678
52417,22,9.02E-05,13.43648678
51674,22,9.02E-05,13.43648678
49400,22,9.02E-05,13.43648678
49736,22,9.02E-05,13.43648678
60924,22,9.02E-05,13.43648678
51128,22,9.02E-05,13.43648678
52886,22,9.02E-05,13.43648678
51661,22,9.02E-05,13.43648678
49811,22,9.02E-05,13.43648678
58177,22,9.02E-05,13.43648678
51060,22,9.02E-05,13.43648678
49981,22,9.02E-05,13.43648678
52028,22,9.02E-05,13.43648678
51414,22,9.02E-05,13.43648678
51290,22,9.02E-05,13.43648678
55596,22,9.02E-05,13.43648678
63084,22,9.02E-05,13.43648678
60931,22,9.02E-05,13.43648678
51811,22,9.02E-05,13.43648678
51062,22,9.02E-05,13.43648678
49787,22,9.02E-05,13.43648678
50013,22,9.02E-05,13.43648678
50037,22,9.02E-05,13.43648678
52888,22,9.02E-05,13.43648678
49821,22,9.02E-05,13.43648678
55401,22,9.02E-05,13.43648678
51360,22,9.02E-05,13.43648678
54712,22,9.02E-05,13.43648678
50497,22,9.02E-05,13.43648678
51864,22,9.02E-05,13.43648678
51015,22,9.02E-05,13.43648678
51735,22,9.02E-05,13.43648678
55922,22,9.02E-05,13.43648678
60885,22,9.02E-05,13.43648678
50056,22,9.02E-05,13.43648678
50927,22,9.02E-05,13.43648678
61788,22,9.02E-05,13.43648678
49706,22,9.02E-05,13.43648678
49857,22,9.02E-05,13.43648678
60620,22,9.02E-05,13.43648678
53716,22,9.02E-05,13.43648678
61101,22,9.02E-05,13.43648678
49994,22,9.02E-05,13.43648678
49269,22,9.02E-05,13.43648678
58603,22,9.02E-05,13.43648678
55273,22,9.02E-05,13.43648678
50651,22,9.02E-05,13.43648678
51275,22,9.02E-05,13.43648678
50434,22,9.02E-05,13.43648678
51280,22,9.02E-05,13.43648678
50275,22,9.02E-05,13.43648678
53984,22,9.02E-05,13.43648678
56169,22,9.02E-05,13.43648678
54728,22,9.02E-05,13.43648678
50001,22,9.02E-05,13.43648678
54646,22,9.02E-05,13.43648678
50218,22,9.02E-05,13.43648678
51790,22,9.02E-05,13.43648678
49982,22,9.02E-05,13.43648678
58431,22,9.02E-05,13.43648678
49281,22,9.02E-05,13.43648678
50471,22,9.02E-05,13.43648678
51086,22,9.02E-05,13.43648678
65014,22,9.02E-05,13.43648678
50503,22,9.02E-05,13.43648678
50401,22,9.02E-05,13.43648678
49960,22,9.02E-05,13.43648678
57451,22,9.02E-05,13.43648678
51789,22,9.02E-05,13.43648678
57856,22,9.02E-05,13.43648678
49902,22,9.02E-05,13.43648678
65232,22,9.02E-05,13.43648678
49373,22,9.02E-05,13.43648678
50079,22,9.02E-05,13.43648678
56629,22,9.02E-05,13.43648678
52569,22,9.02E-05,13.43648678
54446,22,9.02E-05,13.43648678
49240,22,9.02E-05,13.43648678
49882,22,9.02E-05,13.43648678
60293,22,9.02E-05,13.43648678
51978,22,9.02E-05,13.43648678
49892,22,9.02E-05,13.43648678
50504,21,8.61E-05,13.50360098
63455,21,8.61E-05,13.50360098
50104,21,8.61E-05,13.50360098
49896,21,8.61E-05,13.50360098
59039,21,8.61E-05,13.50360098
52755,21,8.61E-05,13.50360098
63798,21,8.61E-05,13.50360098
60034,21,8.61E-05,13.50360098
63025,21,8.61E-05,13.50360098
49825,21,8.61E-05,13.50360098
58606,21,8.61E-05,13.50360098
53236,21,8.61E-05,13.50360098
51944,21,8.61E-05,13.50360098
50183,21,8.61E-05,13.50360098
60466,21,8.61E-05,13.50360098
58345,21,8.61E-05,13.50360098
49250,21,8.61E-05,13.50360098
50113,21,8.61E-05,13.50360098
49876,21,8.61E-05,13.50360098
60646,21,8.61E-05,13.50360098
49968,21,8.61E-05,13.50360098
49757,21,8.61E-05,13.50360098
53983,21,8.61E-05,13.50360098
54906,21,8.61E-05,13.50360098
50031,21,8.61E-05,13.50360098
52531,21,8.61E-05,13.50360098
56752,21,8.61E-05,13.50360098
50829,21,8.61E-05,13.50360098
56698,21,8.61E-05,13.50360098
57952,21,8.61E-05,13.50360098
51370,21,8.61E-05,13.50360098
56227,21,8.61E-05,13.50360098
64076,21,8.61E-05,13.50360098
63494,21,8.61E-05,13.50360098
49606,21,8.61E-05,13.50360098
51324,21,8.61E-05,13.50360098
54842,21,8.61E-05,13.50360098
57809,21,8.61E-05,13.50360098
57940,21,8.61E-05,13.50360098
56101,21,8.61E-05,13.50360098
59763,21,8.61E-05,13.50360098
51510,21,8.61E-05,13.50360098
61133,21,8.61E-05,13.50360098
51569,21,8.61E-05,13.50360098
54521,21,8.61E-05,13.50360098
50772,21,8.61E-05,13.50360098
57230,21,8.61E-05,13.50360098
50894,21,8.61E-05,13.50360098
52212,21,8.61E-05,13.50360098
54161,21,8.61E-05,13.50360098
57463,21,8.61E-05,13.50360098
60322,21,8.61E-05,13.50360098
56470,21,8.61E-05,13.50360098
50985,21,8.61E-05,13.50360098
60321,21,8.61E-05,13.50360098
59497,21,8.61E-05,13.50360098
49763,21,8.61E-05,13.50360098
63782,21,8.61E-05,13.50360098
52809,21,8.61E-05,13.50360098
55041,21,8.61E-05,13.50360098
51403,21,8.61E-05,13.50360098
58985,21,8.61E-05,13.50360098
49451,21,8.61E-05,13.50360098
58073,21,8.61E-05,13.50360098
49808,21,8.61E-05,13.50360098
56815,21,8.61E-05,13.50360098
50077,21,8.61E-05,13.50360098
49973,21,8.61E-05,13.50360098
50053,21,8.61E-05,13.50360098
62469,21,8.61E-05,13.50360098
51253,21,8.61E-05,13.50360098
49848,21,8.61E-05,13.50360098
52673,21,8.61E-05,13.50360098
51561,21,8.61E-05,13.50360098
62801,21,8.61E-05,13.50360098
58462,21,8.61E-05,13.50360098
57322,21,8.61E-05,13.50360098
57756,21,8.61E-05,13.50360098
49946,21,8.61E-05,13.50360098
57001,21,8.61E-05,13.50360098
59687,21,8.61E-05,13.50360098
50062,21,8.61E-05,13.50360098
59558,21,8.61E-05,13.50360098
61293,21,8.61E-05,13.50360098
50068,21,8.61E-05,13.50360098
65139,21,8.61E-05,13.50360098
50973,21,8.61E-05,13.50360098
55372,21,8.61E-05,13.50360098
61669,21,8.61E-05,13.50360098
59362,21,8.61E-05,13.50360098
49915,21,8.61E-05,13.50360098
49709,21,8.61E-05,13.50360098
51066,21,8.61E-05,13.50360098
51470,21,8.61E-05,13.50360098
50082,21,8.61E-05,13.50360098
51933,21,8.61E-05,13.50360098
60843,21,8.61E-05,13.50360098
50162,21,8.61E-05,13.50360098
51260,21,8.61E-05,13.50360098
51256,21,8.61E-05,13.50360098
50040,21,8.61E-05,13.50360098
62299,21,8.61E-05,13.50360098
55720,21,8.61E-05,13.50360098
55355,21,8.61E-05,13.50360098
50135,21,8.61E-05,13.50360098
49293,21,8.61E-05,13.50360098
62114,21,8.61E-05,13.50360098
49782,21,8.61E-05,13.50360098
52742,21,8.61E-05,13.50360098
51597,21,8.61E-05,13.50360098
52719,21,8.61E-05,13.50360098
55702,21,8.61E-05,13.50360098
53074,21,8.61E-05,13.50360098
50129,21,8.61E-05,13.50360098
50111,21,8.61E-05,13.50360098
51656,21,8.61E-05,13.50360098
51199,21,8.61E-05,13.50360098
63799,21,8.61E-05,13.50360098
50626,21,8.61E-05,13.50360098
50149,21,8.61E-05,13.50360098
55271,21,8.61E-05,13.50360098
52560,21,8.61E-05,13.50360098
50347,21,8.61E-05,13.50360098
56886,21,8.61E-05,13.50360098
49913,21,8.61E-05,13.50360098
49858,21,8.61E-05,13.50360098
49680,21,8.61E-05,13.50360098
64439,21,8.61E-05,13.50360098
50395,21,8.61E-05,13.50360098
50148,21,8.61E-05,13.50360098
51731,21,8.61E-05,13.50360098
49883,21,8.61E-05,13.50360098
53754,21,8.61E-05,13.50360098
59850,21,8.61E-05,13.50360098
52145,21,8.61E-05,13.50360098
50091,21,8.61E-05,13.50360098
58235,21,8.61E-05,13.50360098
49259,21,8.61E-05,13.50360098
60544,21,8.61E-05,13.50360098
50920,21,8.61E-05,13.50360098
53086,21,8.61E-05,13.50360098
50687,21,8.61E-05,13.50360098
57199,21,8.61E-05,13.50360098
64893,21,8.61E-05,13.50360098
51542,21,8.61E-05,13.50360098
50448,21,8.61E-05,13.50360098
57762,21,8.61E-05,13.50360098
50866,21,8.61E-05,13.50360098
54675,21,8.61E-05,13.50360098
50346,21,8.61E-05,13.50360098
50937,21,8.61E-05,13.50360098
55409,21,8.61E-05,13.50360098
50539,21,8.61E-05,13.50360098
50043,21,8.61E-05,13.50360098
51220,21,8.61E-05,13.50360098
54914,21,8.61E-05,13.50360098
49919,21,8.61E-05,13.50360098
57750,21,8.61E-05,13.50360098
51351,21,8.61E-05,13.50360098
57085,21,8.61E-05,13.50360098
57903,21,8.61E-05,13.50360098
50788,21,8.61E-05,13.50360098
65001,21,8.61E-05,13.50360098
54306,21,8.61E-05,13.50360098
50384,21,8.61E-05,13.50360098
52018,21,8.61E-05,13.50360098
51191,21,8.61E-05,13.50360098
57617,21,8.61E-05,13.50360098
50007,21,8.61E-05,13.50360098
57886,21,8.61E-05,13.50360098
50518,21,8.61E-05,13.50360098
56668,21,8.61E-05,13.50360098
56189,21,8.61E-05,13.50360098
50019,21,8.61E-05,13.50360098
61369,21,8.61E-05,13.50360098
51968,21,8.61E-05,13.50360098
50637,21,8.61E-05,13.50360098
50864,21,8.61E-05,13.50360098
50574,21,8.61E-05,13.50360098
50029,21,8.61E-05,13.50360098
49778,21,8.61E-05,13.50360098
50843,21,8.61E-05,13.50360098
51137,21,8.61E-05,13.50360098
53518,21,8.61E-05,13.50360098
57453,21,8.61E-05,13.50360098
63477,21,8.61E-05,13.50360098
61659,21,8.61E-05,13.50360098
50657,21,8.61E-05,13.50360098
50631,21,8.61E-05,13.50360098
50054,21,8.61E-05,13.50360098
58010,21,8.61E-05,13.50360098
50674,20,8.20E-05,13.57399031
50950,20,8.20E-05,13.57399031
59026,20,8.20E-05,13.57399031
50910,20,8.20E-05,13.57399031
59153,20,8.20E-05,13.57399031
50328,20,8.20E-05,13.57399031
